07.11.2023 - 04:30,06.11.2023 - 17:03,Berlin,Tiergarten,Tiergartentunnel ,,52.50513188635272,13.372025041359944,Sperrung,Vollsperrung # Tunnel gesperrt,BD,deXXX
30.11.2023 - 17:00,06.11.2023 - 17:03,Berlin,Altglienicke,Am Falkenberg ,,52.41340449133933,13.563997788745032,Baustelle,"keine Sperrung # Leitungsarbeiten, eine Baustellenampel regelt den Verkehr, Anbindung Rosestraße gesperrt",BD,deXXX
15.02.2024 - 17:00,06.11.2023 - 17:03,Berlin,Mitte,Chausseestraße ,,52.538065476864794,13.373267965844768,Baustelle,"keine Sperrung # Baustelle, provisorische Ampelanlage",BD,deXXX
15.12.2023 - 17:00,06.11.2023 - 17:03,Berlin,Tiergarten,Kurfürstenstraße ,,52.50113742831981,13.35784048467144,Baustelle,"keine Sperrung # Leitungsarbeiten, Fahrbahnverengung",AB,deXXX
08.12.2023 - 17:00,06.11.2023 - 17:03,Berlin,Karlshorst,Wandlitzstraße ,,52.48053467013823,13.52456474975705,Sperrung,"Fahrtrichtungssperrung # Stromnetzarbeiten, Fahrtrichtung gesperrt",BD,deXXX
08.11.2023 - 17:00,06.11.2023 - 17:03,Berlin,Mitte,Spandauer Straße ,,52.519843010793615,13.405088175038841,Baustelle,keine Sperrung # Asphaltsanierung im Einmündungsbereich Karl-Liebknecht-Straße. Fahrbahn in Richtung Grunerstraße auf einen Fahrstreifen verengt. In der Gegenrichtung stehen zwei Fahrstreifen zur Verfügung,BD,deXXX
15.12.2023 - 17:00,06.11.2023 - 17:03,Berlin,Prenzlauer Berg,Danziger Straße ,,52.53617444000444,13.432806245020391,Sperrung,"Fahrtrichtungssperrung # Gleisbauarbeiten, Überfahrt Greifswalder Straße für Kfz-Verkehr gesperrt, nur Rechtsabbiegen möglich",AB,deXXX
24.11.2023 - 17:00,06.11.2023 - 17:03,Berlin,Lichterfelde,Ringstraße ,,52.43792988238232,13.295715130076765,Baustelle,"keine Sperrung # Schachtarbeiten, für beide Fahrtrichtungen steht nur ein gemeinsamer Fahrstreifen zur Verfügung",BD,deXXX
15.12.2023 - 17:00,06.11.2023 - 17:03,Berlin,Prenzlauer Berg,Greifswalder Straße ,,52.5361715097595,13.43305803800307,Baustelle,"keine Sperrung # Gleisbauarbeiten, Fahrbahn auf einen Fahrstreifen verengt, Linksabbiegen nicht möglich",BD,deXXX
13.11.2023 - 17:00,06.11.2023 - 17:03,Berlin,Biesdorf,Alt-Biesdorf ,,52.509775058867476,13.54422140256064,Baustelle,"keine Sperrung # Fahrbahnsanierung, Fahrbahn auf einen Fahrstreifen verengt, Abfahrtsrampe von Märkische Allee auf die B1/B5 gesperrt",AB,deXXX
31.01.2024 - 17:00,06.11.2023 - 17:03,Berlin,Lichterfelde,Seehofstraße ,,52.42710731311429,13.272187768995162,Sperrung,"Fahrtrichtungssperrung # Einrichtung als Umleitungsstrecke für verschiedene Bauarbeiten, Fahrtrichtung für den Kfz-Verkehr gesperrt",AB,deXXX
11.11.2023 - 18:00,06.11.2023 - 17:03,Berlin,Mitte,Mittelstraße ,,52.51790769906216,13.38608638382613,Sperrung,"Vollsperrung # Abbau eines Turmdrehkrans, Vollsperrung",BD,deXXX
05.11.2023 - 20:00,06.11.2023 - 17:03,Berlin,Friedrichshain,Mercedes-Platz ,,52.505832535615625,13.44344729778232,Störung,"keine Sperrung # Veranstaltung, dichter Verkehr zu erwarten. Den Besuchern wird empfohlen, mit öffentlichen Verkehrsmitteln anzureisen",BD,deXXX
05.11.2023 - 17:11,06.11.2023 - 17:03,Berlin,,A10 Berliner Ring,,52.68137003851965,13.369349999998647,Störung, # alle Fahrbahnen geräumt,AB,deXXX
05.11.2023 - 18:48,06.11.2023 - 17:03,Berlin,,Reetz,,53.15506003799383,11.882949999981582,Störung," # Verkehrsbehinderung durch Ölspur, Verkehrsbehinderung durch defektes Fahrzeug, langsam fahren",AB,deXXX
05.11.2023 - 18:33,06.11.2023 - 17:03,Berlin,,A10 Berliner Ring,,52.50329003871063,13.74329999999932,Gefahr," # Gefahr durch defektes Fahrzeug, Gefahr durch Personen auf der Fahrbahn, fahren Sie bitte besonders vorsichtig",AB,deXXX
05.11.2023 - 17:52,06.11.2023 - 17:03,Berlin,,Lehnitzstraße,,52.74300003845271,13.258329999998328,Gefahr, # Gefahr durch Ölspur,AB,deXXX
05.11.2023 - 17:23,06.11.2023 - 17:03,Berlin,,A11,,52.7748600384179,13.56664999999906,Gefahr," # brennendes Fahrzeug, gesperrt, fahren Sie bitte besonders vorsichtig",AB,deXXX
05.11.2023 - 23:59,06.11.2023 - 17:03,Berlin,Stadtring Berlin,A100 ,,52.46306999999999,13.444660000000002,Sperrung," # gesperrt, Höhenkontrolle wurde ausgelöst",AB,deXXX
05.11.2023 - 18:00,06.11.2023 - 17:03,Berlin,Schöneberg,Wittenbergplatz ,,52.50194373871205,13.34354079999858,Veranstaltung," # Demonstration, Verkehrsbehinderung zu erwarten",AB,deXXX
05.11.2023 - 23:59,06.11.2023 - 17:03,Berlin,Charlottenburg,Richard-Wagner-Straße ,,52.51176003870163,13.307709999998476,Sperrung, # wegen Veranstaltung gesperrt,AB,deXXX
08.12.2023 - 17:00,06.11.2023 - 17:03,Berlin,Britz,Buckower Damm ,,52.44301449640136,13.434113550399042,Baustelle,"keine Sperrung # Stromnetzarbeiten, Fahrbahn auf einen Fahrstreifen verengt",AB,deXXX
01.12.2023 - 17:00,06.11.2023 - 17:03,Berlin,Friedrichshain,Frankfurter Allee ,,52.51411292907847,13.470782053265648,Baustelle,"keine Sperrung # Fahrbahnsanierung, Fahrbahn auf einen Fahrstreifen verengt, Rechtsabbiegen in Voigtstraße nicht möglich",AB,deXXX
22.12.2023 - 17:00,06.11.2023 - 17:03,Berlin,Malchow,B2 Dorfstraße ,,52.58178622854638,13.483010772619055,Baustelle,"keine Sperrung # Bauarbeiten am Stromnetz, Fahrbahnverengung und -verschwenkung, Staugefahr",BD,deXXX
23.11.2023 - 17:00,06.11.2023 - 17:03,Berlin,Mitte,Torstraße ,,52.527189369088035,13.415290238098098,Baustelle,"keine Sperrung # Gleisbauarbeiten,Fahrbahn auf einen Fahrstreifen verengt, Linksabbieger gesperrt",AB,deXXX
15.12.2023 - 17:00,06.11.2023 - 17:03,Berlin,Karow,Bucher Chaussee ,,52.618194134803296,13.487806691429892,Baustelle,"keine Sperrung # Fahrbahnsanierungsarbeiten, Gegenverkehrsregelung mit Baustellenampel",BD,deXXX
23.11.2023 - 12:00,06.11.2023 - 17:03,Berlin,Mitte,Karl-Liebknecht-Straße/Prenzlauer Allee ,,52.526982705255094,13.415742933976503,Baustelle,"keine Sperrung # Gleisbauarbeiten, Fahrbahn auf einen Fahrstreifen verengt",AB,deXXX
30.06.2024 - 17:00,06.11.2023 - 17:03,Berlin,Niederschöneweide,Michael-Brückner-Straße ,,52.45640623767737,13.509919086460574,Baustelle,"keine Sperrung # Baustelle, Fahrbahn stadteinwärts auf einen Fahrstreifen verengt, Fahrbahn stadtauswärts auf zwei Fahrstreifen verengt, vom Sterndamm kommend nur ein Linksabbieger frei",BD,deXXX
06.11.2023 - 17:03,06.11.2023 - 17:03,Berlin,Pankow,Prenzlauer Promenade ,,52.57566303306407,13.429626102944528,Baustelle,"keine Sperrung # Baustelle, rechter Fahrstreifen gesperrt",AB,deXXX
13.11.2023 - 17:00,06.11.2023 - 17:03,Berlin,Plänterwald,Kiefholzstraße ,,52.47803425692562,13.469543770348496,Baustelle,"keine Sperrung # Leitungsarbeiten, eine Baustellenampel regelt den Verkehr",BD,deXXX
24.11.2023 - 17:00,06.11.2023 - 17:03,Berlin,Britz,Mohriner Allee ,,52.44173458956327,13.424664265079265,Baustelle,"keine Sperrung # Leitungsarbeiten, eine Baustellenampel regelt den Verkehr",BD,deXXX
11.11.2023 - 17:00,06.11.2023 - 17:03,Berlin,Prenzlauer Berg,Ostseestraße ,,52.545879648255834,13.44406318405148,Baustelle,"keine Sperrung # Straßensanierung, Fahrbahn auf einen Fahrstreifen verengt",AB,deXXX
15.12.2023 - 17:00,06.11.2023 - 17:03,Berlin,Tegel,Bernauer Straße ,,52.575907800329276,13.266747486768098,Baustelle,"keine Sperrung # Stromleitungsarbeiten, Gegenverkehrsregelung mit Baustellenampel",AB,deXXX
27.11.2023 - 17:00,06.11.2023 - 17:03,Berlin,Alt-Hohenschönhausen,Ferdinand-Schultze-Straße ,,52.53902063845235,13.511463123356357,Baustelle,"keine Sperrung # Straßenbau, Gegenverkehrsregelung mit Baustellenampel, Anbindung Plauener Straße für Kfz-Verkehr gesperrt",AB,deXXX
05.11.2023 - 23:59,06.11.2023 - 17:03,Berlin,Autobahnzubringer Hamburg,A111 ,,52.546189999999996,13.29917,Sperrung," # Bauarbeiten, Ein- und Ausfahrten Saatwinkler Damm gesperrt",AB,deXXX
06.11.2023 - 18:00,06.11.2023 - 17:03,Berlin,,A111,,52.543229999999994,13.29718,Sperrung,"Fahrtrichtungssperrung # Ausfahrt gesperrt, Bauarbeiten",AB,deXXX
06.11.2023 - 18:00,06.11.2023 - 17:03,Berlin,Autobahnzubringer Hamburg,A111 ,,52.54189700614597,13.296470881460264,Baustelle," # Baustelle, Fahrbahn auf einen Fahrstreifen verengt",AB,deXXX
22.12.2023 - 17:00,06.11.2023 - 17:03,Berlin,Kreuzberg,Yorckstraße ,,52.49365897380205,13.383534980900714,Baustelle,"keine Sperrung # Baustelle, Fahrbahn auf einen Fahrstreifen verengt",AB,deXXX
18.12.2023 - 17:00,06.11.2023 - 17:03,Berlin,Wilmersdorf,Mecklenburgische Straße ,,52.47898651919674,13.310197356737197,Baustelle,"keine Sperrung # Kabelarbeiten, Fahrbahn auf einen Fahrstreifen je Richtung verengt. Das Linksabbiegen in die Forckenbeckstraße ist nicht möglich, Umleitung ausgeschildert. Im Anschluss werden weitere Arbeiten durchgeführt.",BD,deXXX
31.12.2024 - 17:00,06.11.2023 - 17:03,Berlin,Wedding,Müllerstraße ,,52.54668837662321,13.358612925383929,Baustelle,"keine Sperrung # Hochbaustelle, Fahrbahn auf einen Fahrstreifen verengt",AB,deXXX
23.11.2023 - 23:59,06.11.2023 - 17:03,Berlin,Mitte,Brückenstraße ,,52.512720531959665,13.417345311638991,Baustelle,"keine Sperrung # Kabelarbeiten, Gegenverkehrsregelung mit Baustellenampel, Anbindung westliche Rungestraße gesperrt",BD,deXXX
14.02.2024 - 17:00,06.11.2023 - 17:03,Berlin,Marzahn,Frank-Schweitzer-Straße ,,52.53938971374513,13.537277521628711,Baustelle,"keine Sperrung # Leitungsbauarbeiten, Gegenverkehrsregelung durch Baustellenampel",AB,deXXX
06.11.2023 - 06:00,06.11.2023 - 17:03,Berlin,Biesdorf,Alt-Biesdorf ,,52.50911672786262,13.554637550104115,Baustelle,"keine Sperrung # Leitungsbauarbeiten, Fahrbahn auf einen Fahrstreifen verengt",AB,deXXX
01.12.2023 - 17:00,06.11.2023 - 17:03,Berlin,Schöneberg,Goebenstraße ,,52.49357156738652,13.36604027597507,Baustelle,"keine Sperrung # Kabelarbeiten, Fahrbahn auf zwei Fahrstreifen verengt",AB,deXXX
08.12.2023 - 04:00,06.11.2023 - 17:03,Berlin,Wilmersdorf,Mannheimer Straße ,,52.48412003873096,13.313649999998491,Sperrung, # wegen Baustelle gesperrt,AB,deXXX
22.11.2023 - 17:00,06.11.2023 - 17:03,Berlin,Köpenick,Müggelheimer Straße ,,52.444105304045294,13.57774067075368,Baustelle,"keine Sperrung # Schachtarbeiten, rechter Fahrstreifen gesperrt",AB,deXXX
22.11.2023 - 18:00,06.11.2023 - 17:03,Berlin,Mitte,Rosenthaler Straße ,,52.526067015671025,13.403667957809292,Sperrung,"Vollsperrung # Bauarbeiten, Vollsperrung für Kfz-Verkehr, täglich von 06-18 Uhr",BD,deXXX
31.01.2024 - 17:00,06.11.2023 - 17:03,Berlin,Charlottenburg,Tauentzienstraße ,,52.50440596511924,13.335684036337321,Baustelle,"keine Sperrung # Leitungsarbeiten, Fahrbahn auf einen Fahrstreifen verengt, Anbindung Rankestraße für Kfz- Verkehr gesperrt",AB,deXXX
04.03.2024 - 17:00,06.11.2023 - 17:03,Berlin,Weißensee,Hansastraße ,,52.558771789955756,13.492436160607722,Baustelle,"keine Sperrung # Bauarbeiten am Stromnetz, Fahrbahn auf jeweils einen Fahrstreifen verengt",BD,deXXX
23.12.2023 - 17:00,06.11.2023 - 17:03,Berlin,Köpenick,Fürstenwalder Damm ,,52.45311792493445,13.593334192274764,Baustelle,"keine Sperrung # Kanalarbeiten, Fahrstreifenreduzierungen im gesamten Kreuzungsbereich",AB,deXXX
13.11.2023 - 17:00,06.11.2023 - 17:03,Berlin,Tiergarten,Stülerstraße ,,52.50930406013343,13.34999688084298,Baustelle,"keine Sperrung # Fahrbahnausbesserungsarbeiten, Fahrbahn auf einen Fahrstreifen verengt",AB,deXXX
15.12.2023 - 17:00,06.11.2023 - 17:03,Berlin,Marzahn,Mehrower Allee/Glambecker Ring ,,52.55512407826889,13.574644866552834,Sperrung,"Vollsperrung # Erneuerung Ampelanlage, Vollsperrung Glambecker Ring für Kfz- und Radverkehr, Umleitungen sind ausgewiesen, Mehrower Alleee nur Rechtabbiegen in Blumberger Damm möglich",AB,deXXX
15.12.2023 - 17:00,06.11.2023 - 17:03,Berlin,Marzahn,Blumberger Damm ,,52.556159554029634,13.574910185356227,Sperrung,"Vollsperrung # Erneuerung Ampelanlage, Vollsperrung für Kfz- und Radverkehr, Umleitungen sind ausgewiesen",BD,deXXX
20.11.2023 - 17:00,06.11.2023 - 17:03,Berlin,Neukölln,Sonnenallee ,,52.47425170610097,13.455176978024152,Baustelle,"keine Sperrung # Straßenbauarbeiten, Fahrbahn jeweils auf einen Fahrstreifen verengt und verschwenkt",BD,deXXX
20.11.2023 - 17:00,06.11.2023 - 17:03,Berlin,Oberschöneweide,Wilheminenhofstraße ,,52.459300066404005,13.524597510575315,Baustelle,"Vollsperrung # Gleisbauarbeiten, Vollsperrung für Kfz-Verkehr, Anbindungen Anliegerstraßen gesperrt, Umleitung ausgewiesen",BD,deXXX
30.11.2024 - 17:00,06.11.2023 - 17:03,Berlin,Weißensee,Prenzlauer Promenade ,,52.552227007423056,13.430272041350701,Baustelle,"keine Sperrung # Gebäudesanierung, Fahrbahn auf einen Fahrstreifen verengt",AB,deXXX
04.03.2024 - 17:00,06.11.2023 - 17:03,Berlin,Neukölln,Karl-Marx-Straße ,,52.47170558900469,13.441290304318736,Baustelle,"keine Sperrung # Leitungsbauarbeiten, Fahrbahn auf jeweils einen Fahrstreifen verengt und verschwenkt",BD,deXXX
10.11.2023 - 17:00,06.11.2023 - 17:03,Berlin,Weißensee,Berliner Allee ,,52.54904538405919,13.454428741169012,Baustelle,"keine Sperrung # Bauarbeiten, Fahrbahn auf jeweils einen Fahrstreifen verengt",BD,deXXX
31.12.2023 - 17:00,06.11.2023 - 17:03,Berlin,Kreuzberg,Urbanstraße ,,52.489979030836345,13.4196769924798,Baustelle,"keine Sperrung # Fahrbahninstandsetzung, Fahrbahn auf einen Fahrstreifen verengt, Anbindung Schönleinstraße und Graefestraße gesperrt",AB,deXXX
15.11.2023 - 17:00,06.11.2023 - 17:03,Berlin,Lankwitz,Gallwitzallee ,,52.43192954128463,13.346381171515835,Sperrung,"Vollsperrung # Fahrbahnsanierung, Vollsperrung für Kfz-Verkehr, Umleitung ausgewiesen",BD,deXXX
24.11.2023 - 17:00,06.11.2023 - 17:03,Berlin,Französisch-Buchholz,Hauptstraße ,,52.60501322207245,13.432538099494048,Sperrung,"Fahrtrichtungssperrung # Gleisbauarbeiten, Fahrtrichtung für Kfz-Verkehr gesperrt",AB,deXXX
10.11.2023 - 17:00,06.11.2023 - 17:03,Berlin,Lichtenberg,Frankfurter Allee ,,52.51218218055233,13.48965295793452,Baustelle,"keine Sperrung # Tierfbnauarbeiten, Fahrbahn auf zwei Fahrstreifen verengt, im Anschluss weitere Arbeiten",BD,deXXX
17.11.2023 - 17:00,06.11.2023 - 17:03,Berlin,Hakenfelde,Niederneuendorfer Allee/Streitstraße ,,52.56530878834161,13.209322972196865,Baustelle,"keine Sperrung # Kabelarbeiten, Fahrbahn jeweils auf einen Fahrstreifen verengt",AB,deXXX
24.11.2023 - 17:00,06.11.2023 - 17:03,Berlin,Köpenick,Bahnhofstraße ,,52.45755085400516,13.578463133743467,Baustelle,"keine Sperrung # Umbau S-Bf Köpenick, Fahrbahn jeweils auf einen Fahrstreifen verengt, max zulässige Fahrzeugbreite 2,25m",BD,deXXX
30.11.2023 - 17:00,06.11.2023 - 17:03,Berlin,Spandau,Klosterstraße ,,52.53418170214098,13.19921218904003,,"keine Sperrung # Baustelle an Eisenbahnbrücke, rechter Fahrstreifen gesperrt",AB,deXXX
22.12.2023 - 17:00,06.11.2023 - 17:03,Berlin,Westend,Platanenallee ,,52.51328836718057,13.272477193546065,Sperrung,"Vollsperrung # Leitungsbauarbeiten, Vollsperrung für Kfz-Verkehr",BD,deXXX
22.11.2023 - 17:00,06.11.2023 - 17:03,Berlin,Adlershof,Adlergestell ,,52.43972119087055,13.53494578189003,Baustelle,"keine Sperrung # Bau von Radverkehrsanlagen, Fahrbahn abschnittsweise auf einen Fahrstreifen verengt",AB,deXXX
30.11.2023 - 17:00,06.11.2023 - 17:03,Berlin,Spandau,Hohenzollernring ,,52.541049468459455,13.194845175146144,Baustelle,"keine Sperrung # Neubau einer Bushaltestelle, für beide Fahrtrichtungen steht nur ein gemeinsamer Fahrstreifen zur Verfügung",BD,deXXX
06.11.2023 - 17:00,06.11.2023 - 17:03,Berlin,Rudow,Stubenrauchstraße ,,52.432383813788356,13.496187446145099,Baustelle,"keine Sperrung # Stromleitungsarbeiten, Fahrbahn auf einen Fahrtreifen verengt, Staugefahr",AB,deXXX
17.11.2023 - 17:00,06.11.2023 - 17:03,Berlin,Neu-Hohenschönhausen,Falkenberger Chaussee ,,52.567077036688545,13.515237486745459,Baustelle,"keine Sperrung # Leitungsbauarbeiten, Fahrbahn auf einen Fahrstreifen verengt",AB,deXXX
17.11.2023 - 17:00,06.11.2023 - 17:03,Berlin,Dahlem,Argentinische Allee ,,52.45140244288722,13.25813282738161,Baustelle,"keine Sperrung # Fahrbahnsanierung, Fahrbahn auf jeweils einen Fahrstreifen verengt und verschwenkt",BD,deXXX
15.11.2023 - 17:00,06.11.2023 - 17:03,Berlin,Spandau,Charlottenburger Chaussee ,,52.52712260380155,13.217127922397468,Baustelle,"keine Sperrung # Gasleitungsarbeiten, Fahrbahn auf einen Fahrstreifen verengt",AB,deXXX
31.01.2024 - 17:00,06.11.2023 - 17:03,Berlin,Niederschöneweide,Köpenicker Landstraße ,,52.46562415527816,13.496524514980495,Baustelle,"keine Sperrung # Leitungsbau, Fahbahn auf zwei Fahrstreifen je Richtung verengt",BD,deXXX
31.08.2025 - 17:00,06.11.2023 - 17:03,Berlin,Wannsee,Kronprinzessinnenweg ,,52.464057004621715,13.229038705433922,Sperrung,"Vollsperrung # Leitungsbau der Wasserbetriebe, Vollsperrung für Fuß- und Radverkehr (Mo - Fr von 06 - 18 Uhr) , Umleitung ausgewiesen",BD,deXXX
17.11.2023 - 17:00,06.11.2023 - 17:03,Berlin,Neukölln,Flughafenstraße ,,52.48175819063598,13.432817894614997,Sperrung,"Vollsperrung # Umbau Karl-Marx-Straße, Anbindung Karl-Marx-Straße für Kfz- und Radverkehr gesperrt",AB,deXXX
21.12.2023 - 17:00,06.11.2023 - 17:03,Berlin,Kreuzberg,Gneisenaustraße ,,52.490412588549844,13.400394721620785,Baustelle,"keine Sperrung # Leitungsbaustelle, Fahrbahn auf einen Fahrstreifen verengt, Anbindung nördliche Baerwaldstraße (Richtung Urbanstraße) gesperrt",AB,deXXX
06.11.2023 - 17:03,06.11.2023 - 17:03,Berlin,Friedrichshain,Ebertystraße ,,52.52414082877654,13.452867164850854,Baustelle,"keine Sperrung # Straßenbauarbeiten, Anbindung Eberlingstraße komplett gesperrt, Umleitung via Kochhannstraße",BD,deXXX
23.02.2024 - 17:00,06.11.2023 - 17:03,Berlin,Wilmersdorf,Berliner Straße ,,52.48706887666549,13.329815480649138,,"keine Sperrung # Fernwärmebaustelle, Fahrbahn jeweils auf einen Fahrstreifen verengt",BD,deXXX
15.11.2023 - 17:00,06.11.2023 - 17:03,Berlin,Halensee,Kurfürstendamm ,,52.49701180545322,13.290205380067938,Baustelle,"keine Sperrung # Stromnetzarbeiten, Fahrbahn auf einen Fahrstreifen je Richtung verengt. Die Georg-Wilhelm-Straße (Henriettenplatz) ist vom Kurfürstendamm abgehängt. Im Anschluss folgen weitere Arbeiten",BD,deXXX
07.12.2023 - 17:00,06.11.2023 - 17:03,Berlin,Lichtenrade,Mariendorfer Damm ,,52.43198504271491,13.391235364859458,Baustelle,"keine Sperrung # Leitungsarbeiten, Fahrbahn auf einen Fahrstreifen verengt",AB,deXXX
03.05.2024 - 17:00,06.11.2023 - 17:03,Berlin,Köpenick,Grünauer Straße ,,52.44049723265583,13.570571019111725,Baustelle,"keine Sperrung # Hochbaustelle, eine Baustellenampel regelt den Verkehr",BD,deXXX
25.12.2023 - 17:00,06.11.2023 - 17:03,Berlin,Charlottenburg-Nord,Siemensdamm ,,52.53424633701973,13.291841847338068,Baustelle,"keine Sperrung # Leitungsarbeiten, rechter Fahrstreifen gesperrt",AB,deXXX
24.11.2023 - 17:00,06.11.2023 - 17:03,Berlin,Köpenick,Mahlsdorfer Straße ,,52.46242025333013,13.58306207534445,Baustelle,"keine Sperrung # Straßenbauarbeiten, Fahrbahn auf jeweils einen Fahrstreifen verengt, Einfahrt Hirtestraße für Kfz-Verkehr gesperrt",BD,deXXX
29.11.2023 - 17:00,06.11.2023 - 17:03,Berlin,Friedrichshain,Revaler Straße ,,52.5080613869751,13.453803519381516,Sperrung,"Fahrtrichtungssperrung # Herstellung eines geschützten Radstreifens, Fahrtrichtung für den Kfz-Verkehr gesperrt",AB,deXXX
24.11.2023 - 17:00,06.11.2023 - 17:03,Berlin,Friedrichshain,Lichtenberger Straße ,,52.517977669668774,13.428004023065235,Baustelle,"keine Sperrung # Neubau der Ampelanlagen, Fahrbahn auf jeweils einen Fahrstreifen verengt, Staugefahr",AB,deXXX
24.11.2023 - 17:00,06.11.2023 - 17:03,Berlin,Friedrichshain,Strausberger Platz ,,52.51872153681859,13.42892129083444,Baustelle,"keine Sperrung # Neubau der Ampelanlagen, Fahrbahn auf zwei Fahrstreifen verengt",AB,deXXX
15.12.2023 - 17:00,06.11.2023 - 17:03,Berlin,Friedrichshain,Stralauer Allee ,,52.500339027797374,13.455421000810393,Sperrung,"Vollsperrung # Wasserrohrbruch, Fahrtrichtung für Kfz- und Radverkehr gesperrt, Umleitungen ausgewiesen",AB,deXXX
10.11.2023 - 17:00,06.11.2023 - 17:03,Berlin,Gesundbrunnen,Osloer Straße ,,52.556056540933604,13.382615210008524,Baustelle,"keine Sperrung # Leitungsbaustelle, abschnittsweise Fahrbahnverengung, weitere Bauabschnitte folgen",BD,deXXX
06.11.2023 - 17:03,06.11.2023 - 17:03,Berlin,Wilmersdorf,Mannheimer Straße ,,52.4872669929937,13.315606581161065,Sperrung,"Vollsperrung # geplatzte Wasserleitung, Straße gesperrt",AB,deXXX
10.11.2023 - 17:00,06.11.2023 - 17:03,Berlin,Rummelsburg,Marktstraße ,,52.504032087858064,13.472410337111512,Baustelle,"keine Sperrung # Leitungsbauarbeiten, Fahrbahn auf einen Fahrstreifen verengt",AB,deXXX
10.11.2023 - 17:00,06.11.2023 - 17:03,Berlin,Alt-Hohenschönhausen,Rhinstraße ,,52.5394301204654,13.514208900279534,Baustelle,"keine Sperrung # Tiefbauarbeiten, Fahrbahn auf einen Fahrstreifen verengt",AB,deXXX
18.09.2024 - 17:00,06.11.2023 - 17:03,Berlin,Wedding,Nordufer ,,52.53894061808777,13.34803921029993,Sperrung,"Vollsperrung # Neubau Fernwärmeleitungen, Vollsperrung für den Kfz-Verkehr",BD,deXXX
30.11.2023 - 17:00,06.11.2023 - 17:03,Berlin,Kreuzberg,Skalitzer Straße ,,52.49915110873305,13.421818245376098,Baustelle,"keine Sperrung # Gehwegarbeiten, Fahrbahn auf einen Fahrstreifen verengt",AB,deXXX
10.11.2023 - 17:00,06.11.2023 - 17:03,Berlin,Britz,Buckower Damm ,,52.43488376338437,13.435187052061554,Baustelle,"keine Sperrung # Leitungsarbeiten, Fahrbahn auf einen Fahrstreifen je Richtung verengt",BD,deXXX
08.11.2023 - 17:00,06.11.2023 - 17:03,Berlin,Wilhelmstadt,Wilhelmstraße ,,52.516344680789125,13.178669672638799,Baustelle,"keine Sperrung # Sanierung Bushaltestelle, kein Linksabbiegen möglich",AB,deXXX
15.12.2023 - 17:00,06.11.2023 - 17:03,Berlin,Stadtring Berlin,A100 ,,52.51031678497123,13.28478956212895,Gefahr," # linker Fahrstreifen gesperrt, Bauarbeiten",AB,deXXX
15.12.2023 - 17:00,06.11.2023 - 17:03,Berlin,Knobelsdorffstraße,A100 AS Kaiserdamm ,,52.51234035938032,13.285296252747752,Sperrung,"Vollsperrung # Baustelle, Einfahrt gesperrt",AB,deXXX
12.11.2023 - 17:00,06.11.2023 - 17:03,Berlin,Steglitz,Klingsorstraße ,,52.45034843581439,13.328851110435819,Sperrung,"Vollsperrung # Fahrbahnsanierungsarbeiten, Vollsperrung, Umleitung ausgewiesen, Anbindungen Anliegerstraßen gesperrt, Querungsmöglichkeiten: Goebenstraße/Lutherstraße und Leydenallee",BD,deXXX
31.01.2024 - 17:00,06.11.2023 - 17:03,Berlin,Wilmersdorf,Hohenzollerndamm ,,52.49351598391204,13.323029815895707,Baustelle,"keine Sperrung # Baustelle Hochbau, Fahrbahn auf einen Fahrstreifen verengt",AB,deXXX
27.09.2024 - 17:00,06.11.2023 - 17:03,Berlin,Köpenick,Hämmerlingstraße ,,52.46042705597726,13.572880613122116,Baustelle,"keine Sperrung # Brückenbauarbeiten, Gegenverkehrsregelung mit Ampel",BD,deXXX
14.11.2023 - 17:00,06.11.2023 - 17:03,Berlin,Wilmersdorf,Uhlandstraße ,,52.48600851525005,13.322469909735116,Baustelle,"keine Sperrung # Leitungsbauabeiten, Fahrbahn auf einen Fahrstreifen verengt",AB,deXXX
05.12.2023 - 17:00,06.11.2023 - 17:03,Berlin,Biesdorf,Oberfeldstraße ,,52.53382732336939,13.55944472834909,Sperrung,"Fahrtrichtungssperrung # Leitungsarbeiten, Fahrtrichtung für den Kfz-Verkehr gesperrt. Im Anschluss folgen weitere Arbeiten.",AB,deXXX
30.11.2023 - 17:00,06.11.2023 - 17:03,Berlin,Kreuzberg,Friedrichstraße ,,52.50457370988188,13.39085814562304,Sperrung,"Vollsperrung # Tiefbauarbeiten, Vollsperrung für Kfz-Verkehr",BD,deXXX
07.06.2024 - 17:00,06.11.2023 - 17:03,Berlin,Heinersdorf,Blankenburger Straße ,,52.57230784824658,13.443878064632166,Baustelle,"keine Sperrung # Gasleitungsbau, Gegenverkehrsregelung mit Baustellenampel",BD,deXXX
10.11.2023 - 17:00,06.11.2023 - 17:03,Berlin,Oberschöneweide,Spindlersfelder Straße ,,52.44662295234977,13.55911357517942,Baustelle,"keine Sperrung # Brückenbauarbeiten, Fahrbahn auf jeweils einen Fahrstreifen verengt und verschwenkt",BD,deXXX
30.11.2023 - 17:00,06.11.2023 - 17:03,Berlin,Charlottenburg,Otto-Suhr-Allee ,,52.5173891167696,13.306675134326987,Baustelle,"keine Sperrung # Gashavariebaustelle, Fahrbahn auf einen Fahrstreifen verengt",AB,deXXX
17.11.2023 - 17:00,06.11.2023 - 17:03,Berlin,Neu-Hohenschönhausen,Falkenberger Chaussee ,,52.567077036688545,13.515237486745459,Baustelle,"keine Sperrung # Leitungsbauarbeiten, Fahrbahn auf einen Fahrstreifen verengt, Anbindung Pablo-Picasso-Straße Richtung Bitterfelder Straße für Kfz-Verkehr gesperrt",AB,deXXX
31.12.2023 - 17:00,06.11.2023 - 17:03,Berlin,Britz,Buckower Damm ,,52.44066096713408,13.434731510054496,Baustelle,"keine Sperrung # Leitungsarbeiten, zwei Fahrstreifen gesperrt. Im Anschluss folgen weitere Arbeiten",AB,deXXX
17.11.2023 - 17:00,06.11.2023 - 17:03,Berlin,Dahlem,Pacelliallee ,,52.46544797816923,13.288582008043797,Sperrung,"Fahrtrichtungssperrung # Fahrbahnsanierung, Fahrtrichtung für Kfz-Verkehr gesperrt, Umleitung ausgewiesen",AB,deXXX
29.02.2024 - 17:00,06.11.2023 - 17:03,Berlin,Rudow,Neuköllner Straße ,,52.42000736635627,13.489979417251975,Baustelle,"keine Sperrung # Arbeiten am Notausgang des U-Bf, Fahrbahn jeweils auf einen Fahrstreifen verengt",AB,deXXX
05.09.2025 - 23:59,06.11.2023 - 17:03,Berlin,Moabit,Alt-Moabit ,,52.52237003869034,13.367219999998643,Fahrstreifensperrung,"keine Sperrung # Fahrbahn auf einen Fahrstreifen verengt, geänderte Verkehrsführung im Baustellenbereich",AB,deXXX
13.05.2024 - 23:59,06.11.2023 - 17:03,Berlin,A111,Autobahnzubringer ,,52.56795999999999,13.31056,Baustelle," # linker Fahrstreifen gesperrt, Baustelle, bis 13.05.2024",AB,deXXX
05.11.2023 - 23:59,06.11.2023 - 17:03,Berlin,Autobahnzubringer Hamburg,A111 ,,52.56345,13.31055,Baustelle," # rechter Fahrstreifen gesperrt, Baustelle",AB,deXXX
17.11.2023 - 17:00,06.11.2023 - 17:03,Berlin,Siemensstadt,Saatwinkler Damm ,,52.54763967176757,13.252226324627127,Sperrung,"Vollsperrung # Straßenbauarbeiten, Vollsperrung für Kfz-Verkehr, Umleitung ausgewiesen",BD,deXXX
24.11.2023 - 17:00,06.11.2023 - 17:03,Berlin,Prenzlauer Berg,Schönhauser Allee ,,52.5444310189723,13.412536999981295,Baustelle,"keine Sperrung # Bau von Radfahrstreifen, Fahrbahn auf einen Fahrstreifen verengt, Gesambaumaßnahme bis Februar 2024",AB,deXXX
15.12.2023 - 17:00,06.11.2023 - 17:03,Berlin,Mariendorf,Gersdorfstraße ,,52.446117154894395,13.372807065801036,Sperrung,"Vollsperrung # Leitungsbauarbeiten, Vollsperrung für Kfz- und Radverkehr, Umleitungen ausgewiesen",BD,deXXX
30.11.2023 - 17:00,06.11.2023 - 17:03,Berlin,Britz,Buschkrugallee ,,52.454679011419785,13.450776865325027,Baustelle,"keine Sperrung # Leitungsbaustelle, Richtungsfahrbahnen verengt und verschwenkt, Anbindung Marientaler Straße gesperrt",BD,deXXX
30.11.2023 - 17:00,06.11.2023 - 17:03,Berlin,Britz,Buschkrugallee ,,52.44631408295516,13.454826155237408,Baustelle,"keine Sperrung # Leitungsbaustelle, Fahrbahn auf einen Fahrstreifen verengt",AB,deXXX
19.12.2024 - 23:59,06.11.2023 - 17:03,Berlin,Neukölln,Rollbergstraße ,,52.4792600387361,13.434499999998808,Sperrung, # wegen Baustelle gesperrt,AB,deXXX
11.04.2024 - 17:00,06.11.2023 - 17:03,Berlin,Oberschöneweide,Edisonstraße ,,52.468692937434106,13.514401047464473,Sperrung,"Vollsperrung # Gleis- und Fahrbahnbauarbeiten, Vollsperrung für Kfz-Verkehr",AB,deXXX
17.11.2023 - 17:00,06.11.2023 - 17:03,Berlin,Köpenick,Salvador-Allende-Straße ,,52.44346288613895,13.593540710505152,Baustelle,"keine Sperrung # Leitungsbau, Gegenverkehrsregelung mit Baustellenampel",BD,deXXX
11.04.2024 - 17:00,06.11.2023 - 17:03,Berlin,Oberschöneweide,Wilhelminenhofstraße ,,52.46240041888711,13.514089889993096,Sperrung,"Vollsperrung # Gleisbauarbeiten, gesamter Kreuzungsbereich gesperrt",BD,deXXX
30.11.2023 - 17:00,06.11.2023 - 17:03,Berlin,Neukölln,Sonnenallee ,,52.47266983287276,13.458232787696108,Baustelle,"keine Sperrung # Fernwärmeleitungsarbeiten, Fahrbahn jeweils auf einen Fahrstreifen verengt",BD,deXXX
22.12.2023 - 17:00,06.11.2023 - 17:03,Berlin,Kreuzberg,Axel-Springer-Straße ,,52.50768558516468,13.398672850340883,Baustelle,"keine Sperrung # Leitungsbau, Fahrbahn auf einen Fahrstreifen verengt",AB,deXXX
31.08.2025 - 17:00,06.11.2023 - 17:03,Berlin,Mitte,Ida-von-Arnim-Straße ,,52.53557377886625,13.37461748383943,Sperrung,"Fahrtrichtungssperrung # Baustelle, Sackgasse",BD,deXXX
30.11.2023 - 17:00,06.11.2023 - 17:03,Berlin,Zehlendorf,Argentinische Allee ,,52.44273304231513,13.240151983679926,Baustelle,"keine Sperrung # Baustelle, nur ein Fahrstreifen frei",AB,deXXX
30.11.2023 - 17:00,06.11.2023 - 17:03,Berlin,Lichterfelde,Hindenburgdamm ,,52.43544405347695,13.313262497819727,Baustelle,"keine Sperrung # Leitungsarbeiten, Fahrbahn auf einen Fahrstreifen je Richtung verengt und verschwenkt. Anbindung Karwendelstraße für Kfz-Verkehr gesperrt",BD,deXXX
06.11.2023 - 17:03,06.11.2023 - 17:03,Berlin,Autobahnzubringer Hamburg,A111 ,,52.56795999999999,13.31056,Sperrung," # gesperrt, Bauarbeiten",AB,deXXX
13.11.2023 - 17:00,06.11.2023 - 17:03,Berlin,Zehlendorf,Teltower Damm ,,52.409780202294044,13.267231978681417,Baustelle,"keine Sperrung # Arbeiten an Entwässerungsanlagen, Fahrbahnverengung",AB,deXXX
04.02.2024 - 17:00,06.11.2023 - 17:03,Berlin,Rudow,August-Froehlich-Straße ,,52.42382003879464,13.514499999998973,Sperrung, # wegen Baustelle gesperrt,AB,deXXX
01.12.2023 - 17:00,06.11.2023 - 17:03,Berlin,Friedrichshain,Karl-Marx-Allee ,,52.51761101557408,13.436147591253611,Bauarbeiten,"keine Sperrung # Radwegbau, Fahrbahn auf einen Fahrstreifen verengt, Anbindung Koppenstraße gesperrt",AB,deXXX
13.11.2023 - 17:00,06.11.2023 - 17:03,Berlin,Wilhelmstadt,Wilhelmstraße ,,52.51162327039336,13.172174008079082,Baustelle,"keine Sperrung # Erdgasleitungssanierung, Gegenverkehrsregelung durch Baustellenampel, Anbindung Weinmeisterhornweg für Kfz-Verkehr gesperrt,  Im Anschluss folgen weitere Arbeiten",BD,deXXX
20.12.2023 - 17:00,06.11.2023 - 17:03,Berlin,Schöneberg,Dominicusstraße/Sachsendamm ,,52.4818070296994,13.348362037158278,Baustelle,"keine Sperrung # Leitungsarbeiten, Fahrbahn teilweise auf einen Fahrstreifen verengt",AB,deXXX
06.11.2023 - 10:00,06.11.2023 - 17:03,Berlin,Altglienicke,Am Falkenberg ,,52.41340449133933,13.563997788745032,Baustelle,"keine Sperrung # Leitungsarbeiten, eine Baustellenampel regelt den Verkehr, Anbindung Rosestraße gesperrt",BD,deXXX
30.11.2023 - 17:00,06.11.2023 - 17:03,Berlin,Rummelsburg,Nöldnerstraße ,,52.502169454569966,13.483448000668648,Sperrung,"Vollsperrung # Leitungsbauarbeiten, Vollsperrung für Kfz-Verkehr",BD,deXXX
07.01.2024 - 17:00,06.11.2023 - 17:03,Berlin,Neukölln,Britzer Damm ,,52.4612986302266,13.434908869350009,Baustelle,"keine Sperrung # Leitungsarbeiten, Fahrbahn verengt und verschwenkt. Die Bürgerstraße ist für den Kfz-Verkehr vom Britzer Damm abgehängt (Sackgasse)",BD,deXXX
24.11.2023 - 17:00,06.11.2023 - 17:03,Berlin,Grunewald,Halenseestraße ,,52.49764210017332,13.283064402928598,Bauarbeiten,"keine Sperrung # Bauarbeiten, rechter Fahrstreifen gesperrt",AB,deXXX
21.04.2024 - 17:00,06.11.2023 - 17:03,Berlin,Weißensee,Berliner Allee ,,52.55253354879343,13.46662376527221,Baustelle,"keine Sperrung # Leitungsarbeiten, Fahrbahn auf einen Fahrstreifen je Richtung verengt. Die Wegenerstraße ist von der Berliner Allee abgehängt (Sackgasse). Das Linksabbiegen in die Indira-Gandhi-Straße (von der Berliner Straße aus Richtung Buschallee kommend) ist nicht möglich. Hierfür ist eine Umleitung ab Buschallee über Hansastraße eingerichtet. Aus der Buschallee kann nur rechts (Ri. stadtauswärts) abgebogen werden.",BD,deXXX
30.11.2023 - 17:00,06.11.2023 - 17:03,Berlin,Buckower Damm Britz,Buckower Damm Britz,,52.429970529325765,13.434961269661525,Baustelle,"keine Sperrung # Leitungsbau, Fahrbahn jeweils auf einen Fahrstreifen verengt und verschwenkt (Gesamtbaumaßnahme bis Mitte 2024)",BD,deXXX
01.12.2023 - 17:00,06.11.2023 - 17:03,Berlin,Wannsee,Königstraße/Potsdamer Chaussee ,,52.41959378224537,13.176573592066976,Baustelle,"keine Sperrung # Brückenarbeiten, Fahrbahn jeweils auf einen Fahrstreifen verengt",BD,deXXX
31.12.2024 - 23:59,06.11.2023 - 17:03,Berlin,Stadtring,A100 ,,52.46570000000001,13.4562,Sperrung,"Vollsperrung # Auffahrt gesperrt, Bauarbeiten",AB,deXXX
31.12.2024 - 23:59,06.11.2023 - 17:03,Berlin,Stadtring,A100 ,,52.46356719999999,13.449935200000002,Sperrung,"Vollsperrung # Ausfahrt gesperrt, Bauarbeiten",AB,deXXX
31.12.2024 - 23:59,06.11.2023 - 17:03,Berlin,Stadtring Berlin,A100 ,,52.46499380000001,13.4567653,Sperrung," # gesperrt, Bauarbeiten, bis voraussichtlich 31.12.2024, AS Grenzallee",AB,deXXX
31.12.2023 - 17:00,06.11.2023 - 17:03,Berlin,Mitte,Leipziger Straße ,,52.51040638191315,13.390014739861494,Baustelle,"keine Sperrung # Sanierung Hochbau, Fahrbahn auf zwei Fahrstreifen verengt, Linksabbiegen in die Friedrichstraße Richtung Kreuzberg nicht möglich",AB,deXXX
02.01.2025 - 17:00,06.11.2023 - 17:03,Berlin,Prenzlauer Berg,Metzer Straße ,,52.53254649743052,13.41328562184782,Sperrung,"Vollsperrung # Instandsetzung Tunneldecke U2, Vollsperrung für Kfz-Verkehr",BD,deXXX
02.01.2025 - 17:00,06.11.2023 - 17:03,Berlin,Prenzlauer Berg,Schönhauer Allee ,,52.532648872626865,13.412618093545076,Baustelle,"keine Sperrung # Instandsetzung Tunneldecke U2, Fahrbahn jeweils auf einen Fahrstreifen verengt und verschwenkt",BD,deXXX
20.12.2023 - 17:00,06.11.2023 - 17:03,Berlin,Spandau,Klosterstraße ,,52.53244963296609,13.19785309003758,Baustelle,"keine Sperrung # Fahrbahnsanierungsarbeiten, Fahrbahn auf einen Fahrstreifen verengt, Baumaßnahme in mehreren Bauabschnitten",AB,deXXX
14.12.2023 - 17:00,06.11.2023 - 17:03,Berlin,Frohnau,Schönfließer Straße ,,52.64182150177764,13.288950655826373,Baustelle,"keine Sperrung # Straßenbauarbeiten, Vollsperrung für Kfz-Verkehr",BD,deXXX
31.12.2023 - 23:59,06.11.2023 - 17:03,Berlin,Charlottenburg,Mommsenstraße ,,52.50361003871029,13.307599999998471,Sperrung, # wegen Baustelle gesperrt,AB,deXXX
16.11.2023 - 17:00,06.11.2023 - 17:03,Berlin,Wittenau,Hermsdorfer Straße ,,52.601916436395136,13.324745571189373,Sperrung,"Vollsperrung # Leitungsbauarbeiten, Vollsperrung für Kfz-Verkehr, im Anschluss folgen weitere Bauphasen",BD,deXXX
22.12.2023 - 17:00,06.11.2023 - 17:03,Berlin,Kreuzberg,Skalitzer Straße ,,52.500008543330196,13.435732960173164,Baustelle,"keine Sperrung # Leitungsarbeiten, Fahrbahn auf einen Fahrstreifen verengt",AB,deXXX
31.01.2024 - 17:00,06.11.2023 - 17:03,Berlin,Buch,Wiltbergstraße ,,52.636023992331914,13.493725986639424,Sperrung,"Fahrtrichtungssperrung # Brückenbau, Fahrtrichtung für Kfz-Verkehr gesperrt",AB,deXXX
11.04.2024 - 17:00,06.11.2023 - 17:03,Berlin,Oberschöneweide,Edisonstraße ,,52.46363874756603,13.51387451511353,Sperrung,"Vollsperrung # Gleisarbeiten, Vollsperrung für den Kfz- und Radverkehr. Umleitungen sind ausgeschildert. Der Anliegerverkehr darf passieren.",BD,deXXX
24.05.2024 - 17:00,06.11.2023 - 17:03,Berlin,Friedrichsfelde,Alt-Friedrichsfelde ,,52.51035053882813,13.530050325760438,Baustelle,"keine Sperrung # Straßenbauarbeiten, Fahrbahn auf zwei Fahrstreifen je Richtung verengt und verschwenkt. Außerhalb des Berufsverkehrs zeitweise Reduzierung auf einen Fahrstreifen je Richtung",BD,deXXX
31.12.2023 - 17:00,06.11.2023 - 17:03,Berlin,Buch,Berlin-Usedom-Radweg ,,52.640697503745734,13.503114574826638,Sperrung,"Vollsperrung # Neubau Brücke über Panke, Vollsperrung für Fuß- und Radverkehr",BD,deXXX
24.11.2023 - 17:00,06.11.2023 - 17:03,Berlin,Heiligensee,Alt-Heiligensee ,,52.60346785543765,13.20970922877509,Baustelle,"keine Sperrung # Leitungsbauarbeiten, Gegenverkehrsregelung mit Ampel",BD,deXXX
06.11.2023 - 17:03,06.11.2023 - 17:03,Berlin,Marzahn,Bitterfelder Straße ,,52.55400797599245,13.552289943921647,Baustelle,"keine Sperrung # Brückenschäden, Fahrbahn auf einen Fahrstreifen verengt, für Fahrzeuge über 3,5 t Gewicht sowie einer Fahrzeugbreite von >2 m gesperrt",AB,deXXX
30.11.2023 - 17:00,06.11.2023 - 17:03,Berlin,Lichterfelde,Gardeschützenweg ,,52.44677600302944,13.306741013432548,Sperrung,"Vollsperrung # Leitungsbauarbeiten, Fahrtrichtung gesperrt, Fußverkehr frei, Umleitungen ausgewiesen",AB,deXXX
02.05.2025 - 17:00,06.11.2023 - 17:03,Berlin,Tiergarten,Schöneberger Ufer ,,52.505621928939355,13.364016043851123,Baustelle,"keine Sperrung # Baustelle, Fahrbahn auf einen Fahrstreifen verengt",AB,deXXX
30.01.2024 - 17:00,06.11.2023 - 17:03,Berlin,Tempelhof,Gottlieb-Dunkel-Straße ,,52.45874948817418,13.41477512193498,Baustelle,"keine Sperrung # Gasleitungsbaustelle, Gegenverkehrsregelung mit Baustellenampel",BD,deXXX
31.12.2023 - 17:00,06.11.2023 - 17:03,Berlin,Reinickendorf,Waldstraße,,52.576270205403176,13.317355370896623,Sperrung,"Fahrtrichtungssperrung # Straßenarbeiten, Fahrtrichtung gesperrt. Eine Umleitung ist eingerichtet. Im Anschluss folgen weitere Arbeiten",AB,deXXX
31.12.2023 - 17:00,06.11.2023 - 17:03,Berlin,Adlershof,Adlergestell ,,52.43120029816424,13.547353084534773,Baustelle,"keine Sperrung # Sanierung Stromnetztrasse, rechter Fahrstreifen gesperrt",AB,deXXX
15.11.2023 - 13:00,06.11.2023 - 17:03,Berlin,Wannsee,Königstraße ,,52.420102056685074,13.164285169265623,Bauarbeiten,keine Sperrung,BD,deXXX
10.11.2023 - 17:00,06.11.2023 - 17:03,Berlin,Zehlendorf,Mühlenstraße ,,52.430415976649186,13.263096278778061,Baustelle,"Fahrtrichtungssperrung # Fahrtrichtung für Kfz-Verkehr gesperrt, südliche Anbindung Prinz-Handjery-Straße für Kfz-Verkehr gesperrt, Reparaturarbeiten",BD,deXXX
30.09.2024 - 23:59,06.11.2023 - 17:03,Berlin,Altglienicke,Grünauer Straße ,,52.418780038799916,13.54657999999904,Störung,"keine Sperrung # vorübergehende Regelung mit provisorischen Ampelanlagen, Baustelle",AB,deXXX
22.12.2023 - 17:00,06.11.2023 - 17:03,Berlin,Kreuzberg,Skalitzer Straße ,,52.49931304039782,13.42866136831539,Baustelle,"keine Sperrung # Leitungsbau, Fahrbahn jeweils auf einen Fahrstreifen verengt",BD,deXXX
31.01.2024 - 17:00,06.11.2023 - 17:03,Berlin,Staaken,Brunsbütteler Damm ,,52.53286950983838,13.15172174477172,Baustelle,"keine Sperrung # Gasleitungsarbeiten, Fahrbahn auf einen Fahrstreifen verengt, Gesamtbaumaßnahme bis 01/24",AB,deXXX
08.12.2023 - 17:00,06.11.2023 - 17:03,Berlin,Alt-Hohenschönhausen,Gehrenseestraße ,,52.55541895341279,13.525187834002558,Sperrung,"keine Sperrung # Umbaumaßnahme S-Bf, Baustellenampel regelt den wechselseitigen Verkehr",BD,deXXX
14.11.2023 - 17:00,06.11.2023 - 17:03,Berlin,Biesdorf,Köpenicker Straße ,,52.482970012268886,13.56000372963951,Baustelle,"keine Sperrung # Leitungsbau, Gegenverkehrsregelung mit Baustellenampel",BD,deXXX
31.03.2024 - 17:00,06.11.2023 - 17:03,Berlin,Marzahn,Eisenacher Straße ,,52.53940253590521,13.590289438880713,Sperrung,"Fahrtrichtungssperrung # Sanierungsarbeiten, Vollsperrung für den Kfz-Verkehr",BD,deXXX
31.03.2024 - 17:00,06.11.2023 - 17:03,Berlin,Marzahn,Gothaer Straße ,,52.54024082592877,13.57541481194049,Sperrung,"Fahrtrichtungssperrung # Sanierungsarbeiten, Vollsperrung für den Kfz-Verkehr gesperrt",AB,deXXX
29.12.2023 - 17:00,06.11.2023 - 17:03,Berlin,Friedrichshain,Simplonstraße ,,52.50747517451382,13.460597576169357,Sperrung,"Fahrtrichtungssperrung # Leitungsbau, Fahrtrichtung für Kfz-Verkehr gesperrt, Anbindungen Niemannstraße und Seumestraße gesperrt",BD,deXXX
31.01.2024 - 17:00,06.11.2023 - 17:03,Berlin,Friedrichshain,Friedenstraße ,,52.520283703168836,13.43788442134209,Baustelle,"keine Sperrung # Bau einer Fußgängerquerungshilfe, Fahrbahn in Höhe Koppenstraße verschwenkt, Anbindung Koppenstraße in beiden Richtungen für Kfz-Verkehr gesperrt, Radfahrende müssen absteigen und schieben, Im Anschluss folgen weitere Arbeiten",BD,deXXX
30.11.2025 - 17:00,06.11.2023 - 17:03,Berlin,Biesdorf,Blumberger Damm ,,52.5128633929992,13.56246485354756,Baustelle,"keine Sperrung # Brückenarbeiten, Fahrbahn jeweils auf einen Fahrstreifen verengt und verschwenkt (Gesamtmaßnahme bis 2025)",BD,deXXX
01.12.2023 - 17:00,06.11.2023 - 17:03,Berlin,Kreuzberg,Prinzenstraße ,,52.49672382409817,13.405339358286456,Sperrung,"Fahrtrichtungssperrung # Leitungsbauarbeiten, Fahrbahn auf jeweils einen Fahrstreifen verengt",BD,deXXX
01.12.2023 - 17:00,06.11.2023 - 17:03,Berlin,Kreuzberg,Baerwaldstraße ,,52.49391596742454,13.40317288631303,Sperrung,"Fahrtrichtungssperrung # Leitungsbauarbeiten, Fahrtrichtung für Kfz-Verkehr gesperrt, Umleitung ausgewiesen",AB,deXXX
17.11.2023 - 17:00,06.11.2023 - 17:03,Berlin,Weißensee,Pistoriusstraße ,,52.553649836680854,13.446230088515795,Sperrung,"Fahrtrichtungssperrung # Fernwärmebauarbeiten, Fahrtrichtung für Kfz-Verkehr gesperrt",AB,deXXX
14.06.2024 - 17:00,06.11.2023 - 17:03,Berlin,Plänterwald,Am Treptower Park ,,52.48385710942447,13.46918611387936,Baustelle,"keine Sperrung # Hochbaumaßnahme, Baustelleneinrichtung, Fahrbahn auf zwei Fahrstreifen verengt",AB,deXXX
19.07.2024 - 17:00,06.11.2023 - 17:03,Berlin,Wannsee,Königstraße ,,52.41803174604008,13.145632211521384,Baustelle,"keine Sperrung # Rohrleitungsarbeiten, Fahrbahn auf jeweils einen Fahrstreifen verengt und verschwenkt, aus Otto-Erich-Straße nur Linksabbiegen möglich, aus Chausseestraße nur Rechtsabbiegen möglich",BD,deXXX
31.08.2024 - 17:00,06.11.2023 - 17:03,Berlin,Pankow,Florastraße ,,52.566778450530535,13.410039326664993,Baustelle,"keine Sperrung # Hochbaumaßnahme, Fahrbahnen eingeengt und verschwenkt",BD,deXXX
01.12.2023 - 17:00,06.11.2023 - 17:03,Berlin,Friedrichsfelde,Sewanstraße ,,52.49395803152662,13.516898661792183,Baustelle,"keine Sperrung # Leitungsbauarbeiten, Fahrbahnverschwenkungen und Fahrbahneinengungen. Im Anschluss folgen weitere Arbeiten",BD,deXXX
17.11.2023 - 17:00,06.11.2023 - 17:03,Berlin,Wilmersdorf,Detmolder Straße ,,52.47877406589763,13.320333508711196,Sperrung,"Vollsperrung # Wasserrohrbruch, Vollsperrung der gesamten Kreuzung für Kfz",BD,deXXX
30.12.2023 - 17:00,06.11.2023 - 17:03,Berlin,Wedding,Nordufer ,,52.53941355799376,13.34277628632294,Sperrung,"Vollsperrung # Leitungsbauarbeiten im Fahrbahnbereich, Vollsperrung für Kfz-Verkehr",BD,deXXX
29.12.2023 - 04:00,06.11.2023 - 17:03,Berlin,Wedding,Nordufer ,,52.53982003867177,13.339939999998569,Sperrung, # wegen Baustelle gesperrt,AB,deXXX
10.11.2023 - 17:00,06.11.2023 - 17:03,Berlin,Hellerdorf,Jenaer Straße ,,52.53115876488254,13.615004736812873,Sperrung,"Fahrtrichtungssperrung # Leitungsarbeiten, Fahrtrichtung gesperrt",BD,deXXX
08.11.2023 - 17:00,06.11.2023 - 17:03,Berlin,Stegltz,Steglitzer Damm ,,52.44902924240784,13.354446004939524,Baustelle,"keine Sperrung # Brückenbauarbeiten in mehreren Bauabschnitten, Fahrbahn jeweils auf einen Fahrstreifen verengt und verschwenkt",BD,deXXX
22.12.2023 - 17:00,06.11.2023 - 17:03,Berlin,Friedrichshain,Petersburger Straße ,,52.5172709352219,13.45353619284421,Baustelle,"keine Sperrung # Fernwärmebaustelle, Fahrbahn auf einen Fahrstreifen verengt",AB,deXXX
30.11.2023 - 17:00,06.11.2023 - 17:03,Berlin,Buckow,Johannisthaler Chaussee ,,52.433315909214166,13.465078472464846,Baustelle,"keine Sperrung # Instandsetzungsarbeiten, Fahrbahn auf einen Fahrstreifen je Richtung verengt",BD,deXXX
31.12.2023 - 17:00,06.11.2023 - 17:03,Berlin,Tegel,Holzhauser Straße ,,52.57815162104584,13.298031663428537,Bauarbeiten,"keine Sperrung # Bauarbeiten, Fahrbahn auf zwei Fahrstreifen verengt",AB,deXXX
12.04.2024 - 17:00,06.11.2023 - 17:03,Berlin,Westend,Kaiserdamm ,,52.50998017074049,13.28183523090708,Baustelle,"keine Sperrung # Tunneldeckensanierung U2, Fahrbahn auf jeweils zwei Fahrstreifen reduziert, Abbiegebeschränkungen, Fahrstreifenverschwenkungen, Staugefahr",BD,deXXX
12.04.2024 - 17:00,06.11.2023 - 17:03,Berlin,Westend,Königin-Elisabeth-Straße/Messedamm  ,,52.51019374357087,13.28175253175699,Baustelle,"keine Sperrung # Tunneldeckensanierung U2, Fahrbahn auf jeweils einen Fahrstreifen reduziert, Abbiegebeschränkungen, Fahrstreifenverschwenkungen, Staugefahr",BD,deXXX
31.12.2023 - 17:00,06.11.2023 - 17:03,Berlin,Charlottenburg,Kaiserdamm ,,52.510764831798454,13.294291428051741,Sperrung,"Vollsperrung # Reparatur einer Wasserhavarie, für Kfz-Verkehr gesperrt",BD,deXXX
31.03.2028 - 17:00,06.11.2023 - 17:03,Berlin,Mitte,Gertraudenstraße ,,52.51336040069427,13.404757938248608,Bauarbeiten,"keine Sperrung # Neubau, Fahrbahn auf jeweils zwei Fahrstreifen verengt",BD,deXXX
31.12.2023 - 17:00,06.11.2023 - 17:03,Berlin,Buch,Lindenberger Weg ,,52.62195037193578,13.513839244650166,Baustelle,"keine Sperrung # Straßenbaustelle, Gegenverkehrsregelung durch Baustellenampel",BD,deXXX
09.11.2023 - 17:00,06.11.2023 - 17:03,Berlin,Dahlem,Hüttenweg ,,52.45386852741766,13.270563651218124,Sperrung,"Fahrtrichtungssperrung # Leitungsbauarbeiten, Fahrtrichtung für Kfz- und Radverkehr gesperrt, Umleitungen ausgewiesen. Im Anschluss folgen weitere Arbeiten",AB,deXXX
31.12.2024 - 17:00,06.11.2023 - 17:03,Berlin,"Schmargendorf, ehem. A104",Tunnel Schlangenbader Straße ,,52.47377312437969,13.306684055669484,Sperrung,Vollsperrung # bis auf weiteres Vollsperrung aus Sicherheitsgründen,AB,deXXX
04.12.2023 - 17:00,06.11.2023 - 17:03,Berlin,Lichterfelde,Königsberger Straße ,,52.43071229022757,13.310994230515243,Bauarbeiten,"keine Sperrung # Leitungsbauarbeiten, Fahrbahn auf jeweils einen Fahrstreifen verengt",BD,deXXX
15.12.2023 - 17:00,06.11.2023 - 17:03,Berlin,Wilmersdorf,Hohenzollerndamm/Nachodstraße ,,52.49524609755956,13.331221828989916,Baustelle,"keine Sperrung # Hochbaumaßnahme, Fahrbahn auf einen Fahrstreifen verengt",AB,deXXX
15.12.2023 - 17:00,06.11.2023 - 17:03,Berlin,Wilmersdorf,Bundesallee ,,52.49475564838292,13.330892182084346,Baustelle,"keine Sperrung # Hochbaumaßnahme, Fahrbahn auf zwei Fahrstreifen verengt",AB,deXXX
07.12.2023 - 17:00,06.11.2023 - 17:03,Berlin,Steglitz,Albrechtstraße ,,52.447308580963714,13.341706867486597,Bauarbeiten,"keine Sperrung # Leitungsarbeiten in mehreren Abschnitten, Fahrbahnverengung, Anbindung nördliche Stindestraße gesperrt",BD,deXXX
31.12.2024 - 17:00,06.11.2023 - 17:03,Berlin,Tegel,Flohrstraße ,,52.573870634870424,13.298740768121426,Sperrung,"Vollsperrung # Baustelle, Vollsperrung, Rad- und Fußverkehr frei",BD,deXXX
18.03.2024 - 23:59,06.11.2023 - 17:03,Berlin,Autobahnzubringer Hamburg,A111 ,,52.57142,13.30555,Sperrung," # gesperrt, Bauarbeiten, bis voraussichtlich 18.03.2024",AB,deXXX
18.03.2024 - 23:59,06.11.2023 - 17:03,Berlin,Autobahnzubringer Hamburg,A111 ,,52.56816,13.30638,Sperrung," # gesperrt, Bauarbeiten, bis voraussichtlich 18.03.2024",AB,deXXX
31.12.2024 - 17:00,06.11.2023 - 17:03,Berlin,Tegel,Otisstraße ,,52.571656722877236,13.30197147233627,Sperrung,"Vollsperrung # Baustelle, Vollsperrung, Rad- und Fußverkehr frei",BD,deXXX
31.12.2028 - 17:00,06.11.2023 - 17:03,Berlin,Mitte,Leipziger Straße ,,52.50980025665969,13.380811021755168,Bauarbeiten,"keine Sperrung # Erweiterung des Bundesrates, Fahrbahn auf jeweils einen Fahrstreifen verengt",BD,deXXX
28.03.2024 - 06:00,06.11.2023 - 17:03,Berlin,Autobahnzubringer Hamburg,A111 ,,52.56928612163144,13.305658325835795,Störung,"keine Sperrung # linker Fahrstreifen gesperrt, Bauarbeiten",AB,deXXX
31.12.2023 - 17:00,06.11.2023 - 17:03,Berlin,Kladow,Ritterfelddamm ,,52.45626791645463,13.140508732265864,Baustelle,"keine Sperrung # Gasleitungsbau, Gegenverkehrsregelung durch Baustellenampel",BD,deXXX
31.08.2024 - 17:00,06.11.2023 - 17:03,Berlin,Gesundbrunnen,Bernauer Straße ,,52.53847325857293,13.396794585658954,Baustelle,"keine Sperrung # Hochbaustelle, Fahrbahn auf einen Fahrstreifen verengt",AB,deXXX
30.11.2023 - 17:00,06.11.2023 - 17:03,Berlin,Hakenfelde,Hohenzollernring ,,52.55570240837998,13.20565325250219,Baustelle,"Fahrtrichtungssperrung # Baustelle, Fahrtrichtung für Kfz-Verkehr gesperrt",AB,deXXX
31.12.2024 - 17:00,06.11.2023 - 17:03,Berlin,Hermsdorf,Berliner Straße/Oraniendamm ,,52.61254395583304,13.31563120557662,Baustelle,"keine Sperrung # Leitungsbauarbeiten, Fahrbahn auf jeweils einen Fahrtreifen verengt und verschwenkt",BD,deXXX
22.12.2023 - 17:00,06.11.2023 - 17:03,Berlin,Mahlsdorf,Alt-Mahlsdorf ,,52.50409551840199,13.622385462042864,Baustelle,"keine Sperrung # Leitungsbauarbeiten, Fahrbahn auf einen Fahrstreifen verengt",AB,deXXX
30.04.2024 - 17:00,06.11.2023 - 17:03,Berlin,Baumschulenweg/Niederschöneweide,Köpenicker Landstraße ,,52.46649479662873,13.495230241432552,Baustelle,"keine Sperrung # Sanierung Brückenbauwerk über Britzer Zweigkanal, Fahrbahn auf jeweils zwei Fahrstreifen verengt. Im Anschluss folgen weitere Arbeiten. Gesamtbauzeit bis ca. 2027",BD,deXXX
31.01.2024 - 17:00,06.11.2023 - 17:03,Berlin,Friedrichshain,Warschauer Straße ,,52.51164124993875,13.452174598099514,Baustelle,"keine Sperrung # Fassadenarbeiten, Fahrbahn auf einen Fahrstreifen verengt",AB,deXXX
31.03.2024 - 15:00,06.11.2023 - 17:03,Berlin,Hamburg-Zubringer,A111 ,,52.56810501297267,13.306427927785206,Sperrung,"Vollsperrung # Baustelle, Anschlussstelle gesperrt",AB,deXXX
28.03.2024 - 17:00,06.11.2023 - 17:03,Berlin,Reinickendorf,Seidelstraße/Scharnweberstraße ,,52.568101841585296,13.307034944697277,Baustelle,"keine Sperrung # Brückenneubau U6, Fahrbahn jeweils auf einen Fahrstreifen verengt und verschwenkt, es folgen weitere Bauabschnitte bis vsl. 03/24",BD,deXXX
31.12.2023 - 17:00,06.11.2023 - 17:03,Berlin,Neukölln,Sonnenallee ,,52.482981036383855,13.437493995957164,Bauarbeiten,"keine Sperrung # Neubau, Fahrbahn auf einen Fahrstreifen verengt",AB,deXXX
31.03.2024 - 17:00,06.11.2023 - 17:03,Berlin,Tempelhof,Tempelhofer Damm ,,52.46457403920792,13.385641413433932,Baustelle,"keine Sperrung # Baustelleneinrichtungsfläche, Fahrbahn auf einen Fahrstreifen verengt (vsl. bis Mitte 2024)",AB,deXXX
08.12.2023 - 17:00,06.11.2023 - 17:03,Berlin,Lichterfelde,Osdorfer Straße ,,52.41691796119863,13.315159076988081,Baustelle,"keine Sperrung # Leitungsbau, Fahrbahn auf jeweils einen Fahrstreifen verengt und verschwenkt, im Anschluss folgen weitere Arbeiten",BD,deXXX
11.04.2024 - 17:00,06.11.2023 - 17:03,Berlin,Wedding,Seestraße ,,52.54177086239138,13.335505190912759,Baustelle,"keine Sperrung # Brückenarbeiten, ein Fahrstreifen je Richtung gesperrt, Fahrstreifen verschwenkt. Vom Dohnagestell ist für den Kfz-Verkehr nur das Rechtsabbiegen auf die Seestraße (Richtung A100) möglich.",BD,deXXX
13.11.2023 - 17:00,06.11.2023 - 17:03,Berlin,Wannsee,Kronprinzessinnenweg ,,52.42190399718358,13.179975485344595,Baustelle,"keine Sperrung # Leitungsarbeiten, Fahrbahn auf einen Fahrstreifen je Richtung verengt. Im Anschluss folgen weitere Arbeiten",BD,deXXX
17.01.2025 - 17:00,06.11.2023 - 17:03,Berlin,Wilmersdorf,Bundesallee ,,52.484215625882676,13.331307826409098,Baustelle,"keine Sperrung # Hochbaustelle, Fahrbahn auf einen Fahrstreifen verengt",AB,deXXX
31.03.2024 - 17:00,06.11.2023 - 17:03,Berlin,Prenzlauer Berg,Danziger Straße ,,52.54049752592765,13.416225329413791,Baustelle,"keine Sperrung # Hochbauarbeiten, Fahrbahn auf einen Fahrstreifen verengt",AB,deXXX
31.12.2023 - 17:00,06.11.2023 - 17:03,Berlin,Wilmersdorf,Hohenzollerndamm ,,52.4886977529365,13.308407556921702,Baustelle,"keine Sperrung # Baustelleneinrichtungsfläche für Hochbau, Fahrbahn auf zwei Fahrstreifen verengt",AB,deXXX
29.02.2024 - 17:00,06.11.2023 - 17:03,Berlin,Lichterfelde,Hindenburgdamm ,,52.44039002561199,13.316252678355518,Baustelle,"keine Sperrung # Leitungsbauarbeiten, Fahrstreifenreduzierungen, Einmündung Moltkestraße nur Rechtsabbiegen möglich. Im Anschluss folgen weitere Arbeiten.",AB,deXXX
31.01.2024 - 17:00,06.11.2023 - 17:03,Berlin,Adlershof,Rudower Chaussee ,,52.42963700072802,13.529783591736487,Baustelle,"keine Sperrung # Fassadenarbeiten, Fahrbahn auf einen Fahrstreifen verengt",AB,deXXX
22.11.2023 - 17:00,06.11.2023 - 17:03,Berlin,Mitte,Torstraße ,,52.529399946578366,13.397584279371781,Baustelle,"keine Sperrung # Baustelleneinrichtungsfläche, Fahrbahn auf einen Fahrstreifen verengt",BD,deXXX
30.06.2024 - 17:00,06.11.2023 - 17:03,Berlin,Friedrichshain,Gürtelstraße ,,52.508016698319494,13.471923846770462,Baustelle,"keine Sperrung # Hochbaustelle, Fußgängerbedarfsampel, Staugefahr",BD,deXXX
31.12.2023 - 17:00,06.11.2023 - 17:03,Berlin,Mitte,Stralauer Straße ,,52.51692997083461,13.409117978436367,Sperrung,"Fahrtrichtungssperrung # Umbauarbeiten, Fahrtrichtung für den Kfz-Verkehr gesperrt, eine Umleitung ist ausgewiesen. Im Anschluss folgen weitere Arbeiten.",BD,deXXX
19.01.2024 - 17:00,06.11.2023 - 17:03,Berlin,Schöneberg,Kolonnenstraße ,,52.48507620699338,13.36792217247239,Baustelle,"keine Sperrung # Leitungsbauarbeiten, Fahrbahn jeweils auf einen Fahrtreifen verengt und verschwenkt",BD,deXXX
03.12.2023 - 17:00,06.11.2023 - 17:03,Berlin,Baumschulenweg,Baumschulenstraße ,,52.47005667530792,13.492467132224954,Baustelle,"Vollsperrung # Leitungsbaustelle, Vollsperrung für Kfz-Verkehr, Umleitung ausgewiesen",BD,deXXX
22.12.2023 - 17:00,06.11.2023 - 17:03,Berlin,Moabit,Stromstraße ,,52.529149369336146,13.34319180973887,Baustelle,"keine Sperrung # Baustelleneinrichtungsfläche, Fahrbahn auf einen Fahrstreifen verengt",BD,deXXX
31.12.2026 - 17:00,06.11.2023 - 17:03,Berlin,Marzahn,Landsberger Allee ,,52.539819013150776,13.539533080299115,Baustelle,"keine Sperrung # Brückenbauarbeiten, Fahrbahn auf einen Fahrstreifen verengt und verschwenkt",BD,deXXX
31.12.2023 - 17:00,06.11.2023 - 17:03,Berlin,Steglitz,Wolfensteindamm/Hindenburgdamm ,,52.45005715594298,13.315375487782175,Baustelle,"keine Sperrung # Fernwärmeleitungsbaustelle, Fahrbahn jeweils auf einen Fahrstreifen verengt und verschwenkt, Anbindungen Haydnstraße, Flotostraße und Gelieussstraße für Kfz-Verkehr gesperrt",BD,deXXX
31.03.2024 - 17:00,06.11.2023 - 17:03,Berlin,Gesundbrunnen,Koloniestraße ,,52.55626971341952,13.377083075246004,Sperrung,"Vollsperrung # Kanalarbeiten, Koloniestraße von der Osloer Straße abgehängt (Sackgasse)",BD,deXXX
31.12.2023 - 17:00,06.11.2023 - 17:03,Berlin,Charlottenburg,Lietzenburger Straße ,,52.5000157727429,13.324258408507449,Baustelle,"keine Sperrung # Hochbaustelle, Fahrbahn auf einen Fahrstreifen verengt",BD,deXXX
02.09.2024 - 17:00,06.11.2023 - 17:03,Berlin,Wilmersdorf,Spichernstraße ,,52.49717072925755,13.332417524419176,Baustelle,"keine Sperrung # Baustelle U-Bf Spichernstraße, Fahrbahn jeweils auf einen Fahrstreifen verengt",BD,deXXX
30.11.2023 - 17:00,06.11.2023 - 17:03,Berlin,Karlshorst,Marksburgstraße ,,52.48664550527095,13.5264492967613,Sperrung,"Vollsperrung # Tiefbauarbeiten, Vollsperrung für Kfz-Verkehr",BD,deXXX
29.12.2023 - 17:00,06.11.2023 - 17:03,Berlin,Mitte,Littenstraße ,,52.51650263343888,13.41459925376222,Baustelle,"Fahrtrichtungssperrung # Leitungsbauarbeiten, Fahrtrichtung für Kfz-Verkehr gesperrt",BD,deXXX
29.12.2023 - 17:00,06.11.2023 - 17:03,Berlin,Mitte,Stralauer Straße ,,52.51585033096076,13.412244894570424,Baustelle,"keine Sperrung # Leitungsbaustelle, Fahrbahn auf jeweils einen Fahrstreifen verengt und verschwenkt, Anbindung Klosterstraße für Kfz-Verkehr gesperrt",BD,deXXX
22.12.2023 - 17:00,06.11.2023 - 17:03,Berlin,Lichtenrade,Lichtenrader Damm ,,52.39998781435809,13.40633549818862,Baustelle,"keine Sperrung # Leitungsarbeiten, Fahrbahn auf einen Fahrstreifen je Richtung verengt und verschwenkt. Die Anbindung Grimmstraße ist für den Kfz-Verkehr unterbrochen.",BD,deXXX
01.03.2024 - 17:00,06.11.2023 - 17:03,Berlin,Müggelheim,Gosener Landstraße ,,52.40257873668511,13.703997252030609,Baustelle,"keine Sperrung # Brückenarbeiten, eine Baustellenampel regelt den Verkehr",BD,deXXX
28.02.2024 - 17:00,06.11.2023 - 17:03,Berlin,Schöneberg,Grunewaldstraße ,,52.48863561205106,13.34118216960916,Baustelle,"keine Sperrung # Hochbaustelle, Fahrbahn auf einen Fahrstreifen verengt",AB,deXXX
15.01.2024 - 17:00,06.11.2023 - 17:03,Berlin,Prenzlauer Berg,Danziger Straße ,,52.53608666457078,13.433644466329776,Baustelle,"keine Sperrung # Kanalbauarbeiten, Fahrbahn auf einen Fahrstreifen verengt, kein Abbiegen erlaubt",BD,deXXX
15.01.2024 - 17:00,06.11.2023 - 17:03,Berlin,Prenzlauer Berg,Greifswalder Straße ,,52.53594329531575,13.433007813524492,Baustelle,"keine Sperrung # Kanalbauarbeiten, Fahrbahn auf einen Fahrstreifen verengt, kein Rechtsabbiegen für Lkw-Verkehr",BD,deXXX
31.03.2024 - 17:00,06.11.2023 - 17:03,Berlin,Marzahn,Eisenacher Straße ,,52.54024082592877,13.57541481194049,Sperrung,"Fahrtrichtungssperrung # Sanierungsarbeiten, Fahrtrichtung für den Kfz-Verkehr gesperrt. Im Anschluss folgen weitere Arbeiten",AB,deXXX
16.03.2024 - 17:00,06.11.2023 - 17:03,Berlin,Karlshorst,Treskowallee ,,52.487826325927514,13.5272677144484,Baustelle,"keine Sperrung # Grundhafter Ausbau der westlichen Richtungsfahrbahn, Fahrbahn jeweils auf einen Fahrstreifen verengt und verschwenkt. Richtung Am Tierpark ist für den Radverkehr eine Umleitung ausgewiesen.",BD,deXXX
31.12.2023 - 17:00,06.11.2023 - 17:03,Berlin,Schöneberg,Goltzstraße - Bahnhofstraße ,,52.386721156050754,13.407871421705813,Sperrung,"Vollsperrung # Sanierung und Umbau der Straße, Fahrtrichtung für Kfz-Verkehr gesperrt. Im Anschluss folgen weitere Arbeiten",AB,deXXX
31.12.2025 - 17:00,06.11.2023 - 17:03,Berlin,Mitte,Stralauer Straße/Holzmarktstraße ,,52.515490451343794,13.418119479394084,Baustelle,"keine Sperrung # Baustelleneinrichtung, Fahrbahn auf einen Fahrstreifen verengt",AB,deXXX
31.12.2023 - 17:00,06.11.2023 - 17:03,Berlin,Kreuzberg,Gitschiner Straße ,,52.49847496011023,13.40711118134279,Baustelle,keine Sperrung # Baustelle für Anfahrschutz U-Bahnviadukt,BD,deXXX
31.12.2028 - 17:00,06.11.2023 - 17:03,Berlin,Alt-Treptow,Elsenbrücke ,,52.49579513270843,13.462939806286977,Baustelle,"keine Sperrung # Brückenneubau, Fahrbahn auf einen Fahrstreifen je Richtung verengt",BD,deXXX
30.11.2023 - 17:00,06.11.2023 - 17:03,Berlin,Rosenthal,Schönholzer Weg - Germanenstraße ,,52.5847609367927,13.374712287444392,Baustelle,"keine Sperrung # Kanalarbeiten, mehrere Baustellenampeln regeln den Verkehr",BD,deXXX
12.12.2023 - 17:00,06.11.2023 - 17:03,Berlin,Lichterfelde,Ostpreußendamm ,,52.421490770349514,13.311225636050128,Baustelle,"keine Sperrung # Leitungsarbeiten, Fahrbahn auf einen verschwenkten Fahrstreifen je Richtung verengt. Das Linksabbiegen von der Heinrichstraße auf den Ostpreußendamm Richtung Teltow ist nicht möglich. Im Anschluss folgen weitere Arbeiten",BD,deXXX
06.11.2023 - 17:03,06.11.2023 - 17:03,Berlin,Köpenick,Rudolf-Rühl-Allee ,,52.46902653874693,13.552767999999052,Störung," # vorübergehende Beschränkung des zulässigen Gesamtgewichts auf 12 t, Brückenschäden",AB,deXXX
31.12.2023 - 17:00,06.11.2023 - 17:03,Berlin,Charlottenburg,Kurfürstendamm ,,52.50197166227385,13.3218517241081,Bauarbeiten,"keine Sperrung # Bauarbeiten an Gasleitung, Fahrbahn auf jeweils einen verschwenkten Fahrstreifen verengt, das Abbiegen in die Knesebeckstraße ist nicht möglich. Überfahrt Knesebeckstraße gesperrt, Knesebeckstraße Richtung Kantstraße für Kfz-Verkehr gesperrt",BD,deXXX
30.04.2024 - 17:00,06.11.2023 - 17:03,Berlin,Mitte,Zinnowitzer Straße ,,52.532053999597835,13.384349953319974,Sperrung,"Vollsperrung # Hochbaustelle, Fahrtrichtung für Kfz-Verkehr gesperrt",AB,deXXX
29.03.2024 - 17:00,06.11.2023 - 17:03,Berlin,Tiergarten,Lützowufer ,,52.50648528522769,13.357441855654528,Baustelle,"keine Sperrung # Hochbaustelle, Fahrbahn auf einen Fahrstreifen verengt",BD,deXXX
01.06.2024 - 17:00,06.11.2023 - 17:03,Berlin,Kreuzberg,Wrangelstraße ,,52.50032002990356,13.437820046405474,Sperrung,"Vollsperrung # Hochbaustelle, Fahrtrichtung für den Kfz-Verkehr gesperrt",AB,deXXX
30.09.2025 - 17:00,06.11.2023 - 17:03,Berlin,Moabit,Heidestraße ,,52.53715743057307,13.360343733492444,Baustelle,"keine Sperrung # Baustelleneinrichtung, Fahrbahn auf einen Fahrstreifen verengt. Auf der Fennstraße ist 1 von 2 Linksabbiegern gesperrt.",AB,deXXX
31.01.2025 - 17:00,06.11.2023 - 17:03,Berlin,Moabit,Invalidenstraße ,,52.525542227613506,13.366803361487866,Baustelle,"keine Sperrung # Baustelle, Fahrbahn auf einen Fahrstreifen verengt",BD,deXXX
21.12.2023 - 17:00,06.11.2023 - 17:03,Berlin,Tempelhof,Platz der Luftbrücke ,,52.485008162624666,13.386982327503615,Baustelle,"keine Sperrung # Leitungsbaustelle, Fahrbahn auf einen Fahrstreifen verengt. Im Anschluss folgen weitere Arbeiten",BD,deXXX
30.06.2024 - 17:00,06.11.2023 - 17:03,Berlin,Moabit,Alt-Moabit ,,52.523867370885185,13.33021278845671,Baustelle,"keine Sperrung # Hochbauarbeiten, Fahrbahn auf einen Fahrstreifen verengt",BD,deXXX
15.12.2023 - 17:00,06.11.2023 - 17:03,Berlin,Gesundbrunnen,Uferstraße ,,52.551772878922634,13.374636568135672,Sperrung,"Vollsperrung # Leitungsarbeiten, abschnittsweise Vollsperrung",BD,deXXX
31.12.2023 - 17:00,06.11.2023 - 17:03,Berlin,Neukölln,Niemetzstraße ,,52.47089794307676,13.452361730325695,Baustelle,"Vollsperrung # Brückenneubau Eisenbahn, eine Baustellenampel regelt den Verkehr. Im Anschluss folgen weitere Arbeiten",BD,deXXX
30.06.2024 - 17:00,06.11.2023 - 17:03,Berlin,Charlottenburg,Kurfürstendamm ,,52.50212376120167,13.323432661238273,Baustelle,"keine Sperrung # Umbau Kudam Karree, Fahrbahn auf einen Fahrstreifen verengt",BD,deXXX
31.12.2023 - 17:00,06.11.2023 - 17:03,Berlin,Köpenick,An der Wuhlheide ,,52.455192569934276,13.566629202287007,Baustelle,"keine Sperrung # Brückenneubau über Wuhle, Fahrbahn auf jeweils einen Fahrstreifen verengt",BD,deXXX
30.06.2024 - 17:00,06.11.2023 - 17:03,Berlin,Tempelhof,Tempelhofer Damm ,,52.45268298403376,13.384504033611552,Bauarbeiten,"keine Sperrung # Notmaßnahme, Fahrbahn auf jeweils einen Fahrstreifen verengt. Im Anschluss folgen weitere Arbeiten",AB,deXXX
31.12.2025 - 17:00,06.11.2023 - 17:03,Berlin,Marienfelde,Buckower Chaussee ,,52.41107201758935,13.382329068588207,Sperrung,"Vollsperrung # Gleisbauarbeiten/Neubau Dresdner Bahn, Vollsperrung für Kfz-Verkehr, Umleitung ausgewiesen. Gesamtarbeiten bis vsl. 2025",BD,deXXX
30.06.2026 - 23:59,06.11.2023 - 17:03,Berlin,Mitte,Karl-Liebknecht-Straße ,,52.52320273434834,13.411094823964962,Baustelle,"keine Sperrung # Hochbaubaustelle, Fahrbahn auf einen Fahrstreifen verengt, Stauraum vor Alexanderstraße frei",BD,deXXX
31.12.2023 - 17:00,06.11.2023 - 17:03,Berlin,Kreuzberg,Tempelhofer Ufer ,,52.498672490752746,13.382151240538873,Bauarbeiten,"keine Sperrung # Haussanierung, Fahrbahn auf einen Fahrstreifen verengt, Staugefahr",AB,deXXX
31.12.2023 - 17:00,06.11.2023 - 17:03,Berlin,Rummelsburg,Hauptstraße ,,52.500661016639235,13.477159005378358,Bauarbeiten,"keine Sperrung # Bauarbeiten, Fahrbahn auf einen Fahrstreifen reduziert",AB,deXXX
15.12.2023 - 17:00,06.11.2023 - 17:03,Berlin,Friedrichshain,Markgrafendamm ,,52.49811404011139,13.4651941254787,Baustelle,"keine Sperrung # Hochbaustelle, Fahrbahn auf einen Fahrstreifen je Richtung verengt",BD,deXXX
31.12.2023 - 17:00,06.11.2023 - 17:03,Berlin,Kreuzberg,Gitschiner Straße ,,52.49833500501229,13.397832936350193,Bauarbeiten,"keine Sperrung # Fahrbahn auf einen Fahrstreifen verengt, Instandsetzungsarbeiten an der Hochbahn",BD,deXXX
22.12.2023 - 17:00,06.11.2023 - 17:03,Berlin,Kreuzberg,Hasenheide ,,52.48874996682321,13.411074169149177,Baustelle,"keine Sperrung # Baustelle, Fahrbahn auf einen Fahrstreifen verengt",BD,deXXX
30.11.2023 - 17:00,06.11.2023 - 17:03,Berlin,Schöneberg,An der Urania ,,52.50202906170865,13.348677227386064,Baustelle,"keine Sperrung # Baustelle, linker Fahrstreifen gesperrt",BD,deXXX
31.12.2023 - 17:00,06.11.2023 - 17:03,Berlin,Mariendorf,Mariendorfer Damm ,,52.434769869045205,13.390047217426833,Baustelle,"keine Sperrung # Abriß und Neubau eines Hochbaus, Fahrbahn auf einen Fahrstreifen verengt",BD,deXXX
22.12.2023 - 17:00,06.11.2023 - 17:03,Berlin,Alt-Treptow,Elsenstraße ,,52.49203836090603,13.458241397415755,Baustelle,"keine Sperrung # Baustelle, Linksabbieger auf zwei Fahrstreifen verengt, Fahrstreifenverschwenkungen, Staugefahr",BD,deXXX
17.11.2023 - 17:00,06.11.2023 - 17:03,Berlin,Neukölln,Karl-Marx-Straße ,,52.481459026975344,13.434398345701831,Baustelle,"keine Sperrung # Straßensanierung, Fahrbahn auf einen Fahrstreifen in jeder Richtung verengt und verschwenkt. Die Anbindung Schönstedtstraße ist unterbrochen. Im Anschluss folgen weitere Arbeiten",BD,deXXX
31.12.2024 - 17:00,06.11.2023 - 17:03,Berlin,Marzahn,Marzahner Chaussee ,,52.52485696385509,13.533780340627656,Sperrung,"Vollsperrung # Leitungsarbeiten, Fahrtrichtung gesperrt. In der Gegenrichtung ist das Linksabbiegen auf die Allee der Kosmonauten nicht möglich",BD,deXXX
31.12.2023 - 17:00,06.11.2023 - 17:03,Berlin,Charlottenburg,Lietzenburger Straße ,,52.49993250181257,13.323488034397899,Bauarbeiten,"keine Sperrung # Gebäudeneubau, Fahrbahn jeweils auf einen Fahrstreifen verengt",BD,deXXX
27.11.2023 - 17:00,06.11.2023 - 17:03,Berlin,Tempelhof,Attilastraße ,,52.44703040337148,13.361374738890362,Baustelle,"keine Sperrung # Brückenbauarbeiten, Fahrbahn jeweils auf einen Fahrstreifen verengt.. Im Anschluss folgen weitere Arbeiten",BD,deXXX
10.01.2025 - 17:00,06.11.2023 - 17:03,Berlin,Tiergarten,Straße des 17.Juni ,,52.51368044168044,13.338005013948996,Baustelle,"keine Sperrung # Kabeltrassenbau, Fahrbahn auf zwei Fahrstreifen verengt (bis Anfang 2025)",BD,deXXX
06.11.2023 - 17:00,06.11.2023 - 17:03,Berlin,Baumschulenweg,Baumschulenstraße ,,52.46542055768833,13.486869406872707,Baustelle,"keine Sperrung # Hochbau, Fahrbahn auf einen Fahrstreifen verengt, Linksabbiegeverbot",BD,deXXX
06.11.2023 - 17:00,06.11.2023 - 17:03,Berlin,Baumschulenweg,Kiefholzstraße ,,52.46542132206735,13.487404775772301,Baustelle,"keine Sperrung # Hochbau, Fahrbahn auf einen Fahrstreifen verengt, Linksabbiegeverbot",BD,deXXX
30.11.2023 - 17:00,06.11.2023 - 17:03,Berlin,Mitte,Brunnenstraße ,,52.53557701904636,13.397840674970704,Baustelle,"keine Sperrung # Baustelle, Fahrbahn auf einen Fahrstreifen verengt",BD,deXXX
31.03.2024 - 17:00,06.11.2023 - 17:03,Berlin,Rummelsburg,Hauptstraße ,,52.50194274305411,13.472192551516244,Baustelle,"keine Sperrung # Hochbau-Baustelle, Fahrbahn auf einen Fahrstreifen verengt",BD,deXXX
31.12.2023 - 17:00,06.11.2023 - 17:03,Berlin,Wilmersdorf,Nürnberger Straße ,,52.5000288663366,13.335941210722707,Baustelle,"keine Sperrung # Aufzugsbau U-Bf, Fahrbahn jeweils auf einen Fahrstreifen verengt, Anbindung Eislebener Sraße für Kfz-Verkehr gesperrt",BD,deXXX
22.12.2023 - 17:00,06.11.2023 - 17:03,Berlin,Alt-Treptow,Puschkinallee ,,52.49274877663376,13.459752344509802,Baustelle,"keine Sperrung # Baustelle, Fahrbahn auf zwei  Fahrstreifen verengt (Gesamtbaumaßnahme bis Ende 2023)",BD,deXXX
06.11.2023 - 17:03,06.11.2023 - 17:03,Berlin,Köpenick,Lange Brücke ,,52.444460038772895,13.573829999999084,Fahrstreifensperrung,"keine Sperrung # Fahrbahn auf einen Fahrstreifen verengt, Höchstgeschwindigkeit von 10 km/h (bis auf weiteres)",AB,deXXX
15.12.2023 - 17:00,06.11.2023 - 17:03,Berlin,Marienfelde,Großbeerenstraße/Marienfelder Allee ,,52.4255639190578,13.37396525537467,Baustelle,"keine Sperrung # Sanierung der Bahnbrücke, Fahrbahn auf jeweils einen Fahrstreifen verengt, Überfahrt Daimlerstr. gesperrt (Gesamtbaumaßnahme bis 2024)",BD,deXXX
30.09.2024 - 17:00,06.11.2023 - 17:03,Berlin,Lichtenrade,Bahnhofstraße ,,52.38668715435415,13.396889551202122,Sperrung,"Vollsperrung # Baustelle Dresdner Bahn, Vollsperrung. Der Fuß- und Radverkehr wird über einen Notweg geführt, Umleitung ausgeschildert (bis vsl. Mitte 2023)",BD,deXXX
30.04.2024 - 17:00,06.11.2023 - 17:03,Berlin,Wedding,Müllerstraße ,,52.55012295547458,13.353048306489251,Baustelle,"keine Sperrung # Umbau U-Bahnhof, Fahrbahn auf zwei Fahrstreifen verengt, Staugefahr",BD,deXXX
31.12.2023 - 17:00,06.11.2023 - 17:03,Berlin,Mitte,Spandauer Straße ,,52.517142717351085,13.40883603757985,Baustelle,"keine Sperrung # Baustelle, Fahrbahn auf jeweils einen Fahrstreifen verengt. Im Anschluss folgen weitere Arbeiten.",BD,deXXX
31.03.2025 - 17:00,06.11.2023 - 17:03,Berlin,Neukölln,Mainzer Straße ,,52.478213028210796,13.42878346243584,Sperrung,"Vollsperrung # Baustelle/Umspannwerk, Vollsperrung, Fuß- und Radverkehr frei (bis 2025)",BD,deXXX
31.12.2023 - 17:00,06.11.2023 - 17:03,Berlin,Mitte,Grunerstr. ,,52.51735606812604,13.409314973613661,Baustelle,keine Sperrung # Das Linksabbiegen von Grunerstr. in Richtung Stralauer Straße ist nicht möglich. Im Anschluss folgen weitere Arbeiten.,BD,deXXX
31.12.2023 - 17:00,06.11.2023 - 17:03,Berlin,Mitte,Glinkastraße ,,52.51325178054607,13.386415033446383,Sperrung,"Vollsperrung # Baustelle, Fahrtrichtung gesperrt, Radverkehr frei",AB,deXXX
30.06.2024 - 17:00,06.11.2023 - 17:03,Berlin,Marzahn,Wuhletalstraße ,,52.562686669840694,13.558564953501762,Baustelle,"keine Sperrung # Brückenbaustelle, veränderte Verkehrsführung (bis auf weiteres)",BD,deXXX
30.06.2024 - 17:00,06.11.2023 - 17:03,Berlin,Marzahn,Märkische Allee ,,52.561638012245105,13.557685015297613,Sperrung,"Vollsperrung # Brückenarbeiten, Vollsperrung, Fuß- und Radverkehr nicht betroffen, Umleitung über die Rampen zur Wuhletalstraße",BD,deXXX
31.12.2023 - 17:00,06.11.2023 - 17:03,Berlin,Mitte,Mühlendamm ,,52.51692997083461,13.409117978436367,Baustelle,"keine Sperrung # Archäologische Ausgrabungen, Fahrbahn auf jeweils zwei Fahrstreifen verengt, Staugefahr. Im Anschluss folgen weitere Arbeiten.",AB,deXXX
08.07.2024 - 17:00,06.11.2023 - 17:03,Berlin,Karow,Pankgrafenstraße ,,52.61451096018626,13.468874825468912,Sperrung,"Vollsperrung # Brückenarbeiten, Vollsperrung",BD,deXXX
29.02.2024 - 17:00,06.11.2023 - 17:03,Berlin,Charlottenburg,Bismarckstraße ,,52.5114841045217,13.30517700155737,Baustelle,"keine Sperrung # Baustelle, Fahrbahn auf drei Fahrstreifen verengt",BD,deXXX
21.12.2023 - 17:00,06.11.2023 - 17:03,Berlin,Kreuzberg,Mehringdamm ,,52.48608119479517,13.386030261001782,Baustelle,"keine Sperrung # Baustelle, Fahrbahnverschwenkung, Fahrstreifenverengung, Linksabbieger Platz der Luftbrücke gesperrt",BD,deXXX
06.11.2023 - 17:03,06.11.2023 - 17:03,Berlin,Stadtring Berlin,A100 ,,52.50336,13.28111,Gefahr," # rechter Fahrstreifen gesperrt, vorübergehende Beschränkung des zulässigen Gesamtgewichts auf 2,8 t, vorübergehende Begrenzung der Fahrbahnbreite auf 2,20 m",AB,deXXX
31.12.2026 - 17:00,06.11.2023 - 17:03,Berlin,Moabit,Friedrich-List-Ufer ,,52.52419505794556,13.370715076456474,Sperrung,"Vollsperrung # Baustelle, Vollsperrung für Kfz-Verkehr",BD,deXXX
